model,AAPL,ATVI,ATHN,MSFT,ADBE,ORCL,CRM,WDAY,ACN,TWTR,CNQR,PEGA,AZPN,BYI
gru1,18.61574064651533,16.566966419834745,1.365941510550139,11.11270415716541,1.8456647669140374,33.76278710621249,9.468094227747677,nan,7.842775059192261,nan,11.834471731689083,nan,7.574001166781681,3.3319716675170192
gru2,0.5275854922634265,13.512380948833389,0.4054582547881801,4.824472450919528,1.379299853813737,4.520483272130965,0.2439464255914873,nan,1.7161207399697591,nan,0.4328833083935348,nan,2.9183299860916514,2.957808776661902
gru3,0.4233878756492856,32.607182297650056,0.269017794650392,9.827793899124265,1.4945360596428043,5.947817849151097,0.14704761291722837,nan,2.772366074052152,nan,0.6414323687314557,nan,4.744504842920289,7.312128200966714
lstm1,28.025731774708245,19.88305167494376,0.9426962585815594,5.918606080259988,6.330354426261179,11.240540581314185,1.3603357949054968,nan,2.6554346497647003,nan,2.1167467638994926,nan,6.194075256860551,3.462144618988988
lstm2,1.6733118231717472,12.799248869676541,6.701481845971244,4.883797488960979,1.5335299756476484,3.6900838880930342,0.2960666338692751,nan,2.0969799439636376,nan,0.9453241995802363,nan,2.750947243689263,4.235054775784912
lstm3,0.4783131105193629,19.829759895132653,0.4260219228681079,8.06932819721347,1.406636439280501,6.853713818565194,0.16889799992153687,nan,2.452250142396715,nan,0.7194822350027426,nan,4.400170423396181,4.64755198657904
