model,AAPL,ATVI,ATHN,MSFT,ADBE,ORCL,CRM,WDAY,ACN,TWTR,CNQR,PEGA,AZPN,BYI
gru1,42.45713852740153,16.038413890548565,4.999476330637157,62.16619670629905,111.90394161172227,53.11716762376327,13.898458807519626,nan,38.24666711063284,nan,16.864732995519837,nan,18.602619724037517,191.33976350852356
gru2,63.365412691290885,22.736172794311646,26.819305411465486,59.08136947863478,12.282845472783006,56.147163442147345,27.254729426744174,nan,12.158773274366288,nan,13.142216430117392,nan,29.18315995611024,59.01316850955237
gru3,22.004685135164163,16.527299628310544,17.757422616423145,26.919471697712194,22.124634390545943,27.908587708622136,7.591282139882165,nan,70.5972360822434,nan,11.979062995112532,nan,15.326108870571096,46.31949540733723
lstm1,44.595867742143156,16.03547265176469,5.90026403131813,65.21078383582072,24.948405291120924,13.508511559574588,81.93575201525027,nan,41.77796422127849,nan,12.344426081823014,nan,23.51864755899844,4.325125211951218
lstm2,28.779927033437293,24.03518286814733,16.057480286939466,10.798057951702049,13.587164340384865,38.92675271230268,14.234764715505587,nan,44.62571635743841,nan,27.412879815946074,nan,22.591618239998652,3.7267511274950964
lstm3,38.69490843448805,19.634213048664478,8.885563633824633,16.086744225902294,14.14500164516826,40.306739083293316,9.495762350789775,nan,21.407057634620593,nan,14.683087322478642,nan,30.671347633683613,22.23752548173792
