model,AAPL,ATVI,ATHN,MSFT,ADBE,ORCL,CRM,WDAY,ACN,TWTR,CNQR,PEGA,AZPN,BYI
gru1,27.523000521980485,15.298903539380708,1.6577016009078054,9.76023908155063,1.962570491198633,35.129373034398,0.6158411129613163,nan,9.03009583513938,nan,12.287310099725914,nan,18.501846099393543,380.71829807760406
gru2,0.9641440706079945,18.935085311467077,0.3397605604649897,6.837082247631009,2.10187862910228,5.7030193675717955,0.6303624984061921,nan,2.482997353723528,nan,0.3752247938336879,nan,3.106923212755792,3.2784398578556537
gru3,0.8465498866859268,38.03018152590479,0.38845118848605964,9.642630169631685,1.1500480637098123,10.718088565378002,0.2579036227499809,nan,3.2200914350679546,nan,0.6828916118531274,nan,3.682260596769206,3.895146149899586
lstm1,18.428689078561167,22.00909308746647,1.4525521235741785,5.715635872521945,4.865896878171612,6.347421449022205,0.3144196996060833,nan,4.934449229609191,nan,0.5219878519227865,nan,2.4643253669434046,2.998217310937522
lstm2,0.9497230283691188,25.545024257063567,0.2373988276310428,6.874996510571346,1.2790450870903838,9.01725515447592,0.21913076511939597,nan,1.3028177811963033,nan,0.4073739498573744,nan,3.721294917751942,3.4266225472940937
lstm3,0.7502408032783975,21.341112858798027,0.21028025178162307,8.574015453584744,2.017680462874433,6.879848855627042,1.553847829824552,nan,2.5673667693646296,nan,0.6646115457231119,nan,4.761071994035378,4.222084911143615
